timestamp_greece,rss_MB,MemoryObjectSendStream,MemoryObjectStreamState,Event,_AsyncGeneratorContextManager,_GeneratorContextManager,TaskState
2025-10-26 18:36:00,31.4765625,0,0,0,0,0,0
2025-10-26 18:36:07,31.5,0,0,0,0,0,0
2025-10-26 18:36:15,31.515625,0,0,0,0,0,0
2025-10-26 18:36:22,31.515625,0,0,0,0,0,0
2025-10-26 18:36:30,31.55078125,0,0,0,0,0,0
2025-10-26 18:36:37,31.55859375,0,0,0,0,0,0
2025-10-26 18:36:44,31.55859375,0,0,0,0,0,0
2025-10-26 18:36:52,31.55859375,0,0,0,0,0,0
2025-10-26 18:36:59,31.4921875,0,0,0,0,0,0
2025-10-26 18:37:06,31.4921875,0,0,0,0,0,0
2025-10-26 18:37:14,31.4921875,0,0,0,0,0,0
2025-10-26 18:37:21,31.51171875,0,0,505,0,289,0
2025-10-26 18:37:29,31.515625,0,0,517,0,296,0
2025-10-26 18:37:36,31.515625,0,0,543,0,316,221
2025-10-26 18:37:44,31.515625,0,0,543,0,316,221
2025-10-26 18:37:51,31.51953125,0,0,576,0,316,221
2025-10-26 18:37:58,31.51953125,0,0,576,0,316,221
2025-10-26 18:38:06,31.51953125,0,0,576,0,316,221
2025-10-26 18:38:13,31.5,0,0,576,0,316,221
2025-10-26 18:38:20,31.5,0,0,576,0,316,221
2025-10-26 18:38:28,31.50390625,0,0,576,0,316,221
2025-10-26 18:38:35,31.50390625,0,0,576,0,316,221
2025-10-26 18:38:42,31.50390625,0,0,576,0,316,221
2025-10-26 18:38:50,31.50390625,0,0,576,0,316,221
2025-10-26 18:38:57,31.50390625,0,0,589,0,316,221
2025-10-26 18:39:05,31.5078125,0,0,589,0,316,221
2025-10-26 18:39:12,31.5078125,0,0,589,0,316,221
2025-10-26 18:39:20,31.5078125,0,0,589,0,316,221
2025-10-26 18:39:27,31.5078125,0,0,589,0,316,221
2025-10-26 18:39:34,31.5078125,0,0,589,0,316,221
2025-10-26 18:39:42,31.5078125,0,0,589,0,316,221
2025-10-26 18:39:49,31.5078125,0,0,589,0,316,221
2025-10-26 18:39:56,31.5078125,0,0,589,0,316,221
2025-10-26 18:40:04,31.51171875,0,0,589,0,316,221
2025-10-26 18:40:11,31.51171875,0,0,589,0,316,221
2025-10-26 18:40:18,31.51171875,0,0,589,0,316,221
2025-10-26 18:40:26,31.51171875,0,0,589,0,316,221
2025-10-26 18:40:33,31.51171875,0,0,589,0,316,221
2025-10-26 18:40:40,31.51171875,0,0,589,0,316,221
2025-10-26 18:40:48,31.51171875,0,0,589,0,316,221
2025-10-26 18:40:55,31.62890625,0,0,602,0,316,221
2025-10-26 18:41:02,31.62890625,0,0,602,0,316,221
2025-10-26 18:41:10,31.62890625,0,0,602,0,316,221
2025-10-26 18:41:17,31.6328125,0,0,602,0,316,221
2025-10-26 18:41:24,31.6328125,0,0,602,0,316,221
2025-10-26 18:41:32,31.6328125,0,0,602,0,316,221
2025-10-26 18:41:39,31.6328125,0,0,602,0,316,221
2025-10-26 18:41:46,31.6328125,0,0,602,0,316,221
2025-10-26 18:41:54,31.6328125,0,0,602,0,316,221
2025-10-26 18:42:01,31.6328125,0,0,602,0,316,221
2025-10-26 18:42:18,31.65625,0,0,602,0,316,221
2025-10-26 18:42:25,31.66796875,0,0,602,0,316,221
2025-10-26 18:42:32,31.66796875,0,0,602,0,316,221
2025-10-26 18:42:39,31.63671875,0,0,602,0,316,221
2025-10-26 18:42:47,31.63671875,0,0,602,0,316,221
2025-10-26 18:42:54,31.63671875,0,0,602,0,316,221
2025-10-26 18:43:01,31.63671875,0,0,602,0,316,221
2025-10-26 18:43:09,31.63671875,0,0,602,0,316,221
2025-10-26 18:43:16,31.63671875,0,0,602,0,316,221
2025-10-26 18:43:23,31.63671875,0,0,602,0,316,221
2025-10-26 18:43:31,31.63671875,0,0,602,0,316,221
2025-10-26 18:43:38,31.63671875,0,0,602,0,316,221
2025-10-26 18:43:45,31.63671875,0,0,602,0,316,221
2025-10-26 18:43:52,31.63671875,0,0,602,0,316,221
2025-10-26 18:44:00,31.63671875,0,0,602,0,316,221
2025-10-26 18:44:07,31.63671875,0,0,602,0,316,221
2025-10-26 18:44:14,31.63671875,0,0,602,0,316,221
2025-10-26 18:44:22,31.63671875,0,0,602,0,316,221
2025-10-26 18:44:29,31.63671875,0,0,602,0,316,221
2025-10-26 18:44:36,31.63671875,0,0,602,0,316,221
2025-10-26 18:44:44,31.63671875,0,0,602,0,316,221
2025-10-26 18:44:51,31.63671875,0,0,602,0,316,221
2025-10-26 18:44:58,31.63671875,0,0,602,0,316,221
2025-10-26 18:45:05,31.63671875,0,0,602,0,316,221
2025-10-26 18:45:13,31.63671875,0,0,602,0,316,221
2025-10-26 18:45:20,31.63671875,0,0,602,0,316,221
2025-10-26 18:45:28,31.63671875,0,0,602,0,316,221
2025-10-26 18:45:35,31.63671875,0,0,602,0,316,221
2025-10-26 18:45:42,31.63671875,0,0,602,0,316,221
2025-10-26 18:45:50,31.63671875,0,0,602,0,316,221
2025-10-26 18:45:57,31.6640625,0,0,602,0,316,221
2025-10-26 18:46:04,31.6640625,0,0,62,0,20,221
2025-10-26 18:46:12,31.6640625,0,0,62,0,22,221
2025-10-26 18:46:19,31.6640625,0,0,62,0,22,221
2025-10-26 18:46:26,31.6640625,0,0,70,0,27,21
2025-10-26 18:46:34,31.6640625,0,0,70,0,29,21
2025-10-26 18:46:41,31.6640625,0,0,70,0,29,21
2025-10-26 18:46:48,31.6640625,0,0,70,0,29,21
2025-10-26 18:46:56,31.6640625,0,0,70,0,29,21
2025-10-26 18:47:03,31.6640625,0,0,70,0,29,21
2025-10-26 18:47:10,31.63671875,0,0,70,0,29,21
2025-10-26 18:47:17,31.63671875,0,0,70,0,29,21
2025-10-26 18:47:25,31.63671875,0,0,70,0,29,21
2025-10-26 18:47:32,31.63671875,0,0,70,0,29,21
2025-10-26 18:47:39,31.63671875,0,0,70,0,29,21
2025-10-26 18:47:47,31.63671875,0,0,70,0,29,21
2025-10-26 18:47:54,31.63671875,0,0,70,0,29,21
2025-10-26 18:48:01,31.63671875,0,0,70,0,29,21
2025-10-26 18:48:09,31.63671875,0,0,70,0,29,21
2025-10-26 18:48:16,31.63671875,0,0,70,0,29,21
2025-10-26 18:48:23,31.63671875,0,0,70,0,29,21
2025-10-26 18:48:30,31.63671875,0,0,70,0,29,21
2025-10-26 18:48:38,31.63671875,0,0,70,0,29,21
2025-10-26 18:48:45,31.63671875,0,0,70,0,29,21
2025-10-26 18:48:52,31.63671875,0,0,70,0,29,21
2025-10-26 19:04:38,30.90625,0,0,0,0,0,0
2025-10-26 19:04:44,30.9296875,0,0,0,0,0,0
2025-10-26 19:04:49,30.9296875,0,0,0,0,0,0
2025-10-26 19:04:54,30.9296875,0,0,0,0,0,0
2025-10-26 19:05:00,30.9296875,0,0,0,0,0,0
2025-10-26 19:05:05,30.93359375,0,0,0,0,0,0
2025-10-26 19:05:10,31.0,0,0,0,0,0,0
2025-10-26 19:05:16,31.0,0,0,0,0,0,0
2025-10-26 19:05:21,31.0,0,0,0,0,0,0
2025-10-26 19:05:27,31.00390625,0,0,0,0,0,0
2025-10-26 19:05:32,31.00390625,0,0,0,0,0,0
2025-10-26 19:05:38,31.00390625,0,0,0,0,0,0
2025-10-26 19:05:43,31.00390625,0,0,0,0,0,0
2025-10-26 19:05:48,31.00390625,0,0,0,0,0,0
2025-10-26 19:05:54,31.00390625,0,0,0,0,0,0
2025-10-26 19:05:59,31.00390625,0,0,0,0,0,0
2025-10-26 19:06:04,31.00390625,0,0,0,0,0,0
2025-10-26 19:06:10,31.00390625,0,0,0,0,0,0
2025-10-26 19:06:15,31.00390625,0,0,0,0,0,0
2025-10-26 19:06:20,31.00390625,0,0,0,0,0,0
2025-10-26 19:06:26,31.00390625,0,0,0,0,0,0
2025-10-26 19:06:31,31.00390625,0,0,0,0,0,0
2025-10-26 19:06:37,31.00390625,0,0,0,0,0,0
2025-10-26 19:06:42,31.125,0,0,56,0,0,0
2025-10-26 19:06:47,31.125,0,0,56,0,0,0
2025-10-26 19:06:53,31.125,0,0,56,0,0,0
2025-10-26 19:06:58,31.125,0,0,56,0,0,0
2025-10-26 19:07:03,31.125,0,0,56,0,0,0
2025-10-26 19:07:09,31.125,0,0,56,0,0,0
2025-10-26 19:07:14,31.125,0,0,56,0,0,0
2025-10-26 19:07:19,31.125,0,0,56,0,0,0
2025-10-26 19:07:25,31.125,0,0,56,0,0,0
2025-10-26 19:07:30,31.125,0,0,56,0,0,0
2025-10-26 19:07:36,31.125,0,0,56,0,0,0
2025-10-26 19:07:55,31.140625,0,0,56,0,0,0
2025-10-26 19:08:01,31.140625,0,0,56,0,0,0
2025-10-26 19:08:06,31.140625,0,0,56,0,0,0
2025-10-26 19:08:11,31.140625,0,0,56,0,0,0
2025-10-26 19:08:16,31.140625,0,0,56,0,0,0
2025-10-26 19:08:22,31.140625,0,0,56,0,0,0
2025-10-26 19:08:27,31.10546875,0,0,56,0,0,0
2025-10-26 19:08:32,31.10546875,0,0,56,0,0,0
2025-10-26 19:08:38,31.10546875,0,0,56,0,0,0
2025-10-26 19:08:43,31.10546875,0,0,56,0,0,0
2025-10-26 19:08:48,31.10546875,0,0,56,0,0,0
2025-10-26 19:08:54,31.10546875,0,0,56,0,0,0
2025-10-26 19:08:59,31.10546875,0,0,56,0,0,0
2025-10-26 19:09:04,31.10546875,0,0,56,0,0,0
2025-10-26 19:09:10,31.10546875,0,0,56,0,0,0
2025-10-26 19:09:15,31.10546875,0,0,56,0,0,0
2025-10-26 19:09:20,31.10546875,0,0,56,0,0,0
2025-10-26 19:09:25,31.10546875,0,0,56,0,0,0
2025-10-26 19:09:31,31.10546875,0,0,56,0,0,0
2025-10-26 19:09:36,31.109375,0,0,56,0,0,0
2025-10-26 19:09:42,31.109375,0,0,56,0,0,0
2025-10-26 19:09:47,31.109375,0,0,56,0,0,0
2025-10-26 19:09:52,31.109375,0,0,56,0,0,0
2025-10-26 19:09:58,31.109375,0,0,56,0,0,0
2025-10-26 19:10:03,31.109375,0,0,56,0,0,0
2025-10-26 19:10:08,31.109375,0,0,56,0,0,0
2025-10-26 19:10:14,31.109375,0,0,56,0,0,0
2025-10-26 19:10:19,31.109375,0,0,56,0,0,0
2025-10-26 19:10:25,31.109375,0,0,56,0,0,0
2025-10-26 19:10:30,31.109375,0,0,56,0,0,0
2025-10-26 19:10:35,31.109375,0,0,56,0,0,0
2025-10-26 19:10:41,31.109375,0,0,56,0,0,0
2025-10-26 19:10:46,31.109375,0,0,56,0,0,0
2025-10-26 19:10:52,31.109375,0,0,56,0,0,0
2025-10-26 19:10:57,31.109375,0,0,56,0,0,0
2025-10-26 19:11:02,31.109375,0,0,56,0,0,0
2025-10-26 19:11:08,31.109375,0,0,56,0,0,0
2025-10-26 19:11:13,31.109375,0,0,56,0,0,0
2025-10-26 19:11:18,31.109375,0,0,56,0,0,0
2025-10-26 19:11:24,31.109375,0,0,56,0,0,0
2025-10-26 19:11:29,31.109375,0,0,56,0,0,0
2025-10-26 19:11:34,31.109375,0,0,56,0,0,0
2025-10-26 19:11:39,31.109375,0,0,56,0,0,0
2025-10-26 19:11:45,31.15234375,0,0,56,0,0,0
2025-10-26 19:11:50,31.15234375,0,0,56,0,0,0
2025-10-26 19:11:55,31.15234375,0,0,56,0,0,0
2025-10-26 19:12:01,31.15234375,0,0,56,0,0,0
2025-10-26 19:12:06,31.15234375,0,0,56,0,0,0
2025-10-26 19:12:11,31.15234375,0,0,56,0,0,0
2025-10-26 19:12:17,31.15234375,0,0,56,0,0,0
2025-10-26 19:12:22,31.15234375,0,0,56,0,0,0
2025-10-26 19:12:27,31.15234375,0,0,56,0,0,0
2025-10-26 19:12:33,31.15234375,0,0,56,0,0,0
2025-10-26 19:12:38,31.15234375,0,0,56,0,0,0
2025-10-26 19:12:43,31.15234375,0,0,56,0,0,0
2025-10-26 19:12:49,31.15234375,0,0,56,0,0,0
2025-10-26 19:12:54,31.12109375,0,0,56,0,0,0
2025-10-26 19:12:59,31.12109375,0,0,56,0,0,0
2025-10-26 19:13:05,31.12109375,0,0,56,0,0,0
2025-10-26 19:13:10,31.13671875,0,0,56,0,0,0
2025-10-26 19:13:15,31.13671875,0,0,56,0,0,0
2025-10-26 19:13:21,31.13671875,0,0,56,0,0,0
2025-10-26 19:13:26,31.13671875,0,0,56,0,0,0
2025-10-26 19:13:32,31.13671875,0,0,56,0,0,0
2025-10-26 19:13:37,31.13671875,0,0,56,0,0,0
2025-10-26 19:13:42,31.13671875,0,0,56,0,0,0
2025-10-26 19:13:48,31.13671875,0,0,56,0,0,0
2025-10-26 19:13:53,31.13671875,0,0,56,0,0,0
2025-10-26 19:13:58,31.13671875,0,0,56,0,0,0
2025-10-26 19:14:03,31.13671875,0,0,56,0,0,0
2025-10-26 19:14:09,31.13671875,0,0,56,0,0,0
2025-10-26 19:14:14,31.13671875,0,0,56,0,0,0
2025-10-26 19:14:19,31.13671875,0,0,56,0,0,0
2025-10-26 19:14:25,31.13671875,0,0,56,0,0,0
2025-10-26 19:14:30,31.13671875,0,0,56,0,0,0
2025-10-26 19:14:36,31.13671875,0,0,56,0,0,0
2025-10-26 19:14:41,31.13671875,0,0,56,0,0,0
2025-10-28 15:02:50,30.82421875,0,0,0,0,0,0
2025-10-28 15:02:55,30.84375,0,0,0,0,0,0
2025-10-28 15:03:00,30.84375,0,0,0,0,0,0
2025-10-28 15:03:06,30.86328125,0,0,0,0,0,0
2025-10-28 15:03:11,30.86328125,0,0,0,0,0,0
2025-10-28 15:03:16,30.86328125,0,0,0,0,0,0
2025-10-28 15:03:22,30.86328125,0,0,0,0,0,0
2025-10-28 15:03:27,30.86328125,0,0,0,0,0,0
2025-10-28 15:03:32,30.86328125,0,0,0,0,0,0
2025-10-28 15:03:37,30.86328125,0,0,0,0,0,0
2025-10-28 15:03:43,30.86328125,0,0,0,0,0,0
2025-10-28 15:03:48,30.84765625,0,0,0,0,0,0
2025-10-28 15:03:53,30.84765625,0,0,0,0,0,0
2025-10-28 15:03:59,30.84765625,0,0,0,0,0,0
2025-10-28 15:04:04,30.84765625,0,0,0,0,0,0
2025-10-28 15:04:09,30.84765625,0,0,0,0,0,0
2025-10-28 15:04:14,30.84765625,0,0,0,0,0,0
2025-10-28 15:04:20,30.84765625,0,0,0,0,0,0
2025-10-28 15:04:25,30.84765625,0,0,0,0,0,0
2025-10-28 15:04:31,30.84765625,0,0,0,0,0,0
2025-10-28 15:04:36,30.84765625,0,0,0,0,0,0
2025-10-28 15:04:41,30.84765625,0,0,0,0,0,0
2025-10-28 15:04:46,30.84765625,0,0,0,0,0,0
2025-10-28 15:04:52,30.84765625,0,0,0,0,0,0
2025-10-28 15:04:57,30.84765625,0,0,0,0,0,0
2025-10-28 15:05:02,30.84765625,0,0,0,0,0,0
2025-10-28 15:05:07,30.84765625,0,0,0,0,0,0
2025-10-28 15:05:13,30.84765625,0,0,0,0,0,0
2025-10-28 15:05:18,30.84765625,0,0,0,0,0,0
2025-10-28 15:05:23,30.84765625,0,0,0,0,0,0
2025-10-28 15:05:29,30.84765625,0,0,57,0,0,0
2025-10-28 15:05:34,30.84765625,0,0,57,0,0,0
2025-10-28 15:05:39,30.84765625,0,0,57,0,0,0
2025-10-28 15:05:44,30.84765625,0,0,57,0,0,0
2025-10-28 15:05:50,30.84765625,0,0,57,0,0,0
2025-10-28 15:05:55,30.84765625,0,0,73,0,0,0
2025-10-28 15:06:00,30.84765625,0,0,73,0,0,0
2025-10-28 15:06:06,30.84765625,0,0,73,0,0,0
2025-10-28 15:06:11,30.84765625,0,0,73,0,0,0
2025-10-28 15:06:16,30.84765625,0,0,73,0,0,0
2025-10-28 15:06:21,30.84765625,0,0,73,0,0,0
2025-10-28 15:06:27,30.84765625,0,0,73,0,0,0
2025-10-28 15:06:32,30.84765625,0,0,73,0,0,0
2025-10-28 15:06:37,30.9609375,0,0,73,0,0,0
2025-10-28 15:06:43,30.9609375,0,0,73,0,0,0
2025-10-28 15:06:48,30.9609375,0,0,73,0,0,0
2025-10-28 15:06:53,30.9609375,0,0,73,0,0,0
2025-10-28 15:06:59,30.9609375,0,0,73,0,0,0
2025-10-28 15:07:04,30.9609375,0,0,73,0,0,0
2025-10-28 15:07:09,30.9609375,0,0,73,0,0,0
2025-10-28 15:07:15,30.9609375,0,0,73,0,0,0
2025-10-28 15:07:20,30.9609375,0,0,73,0,0,0
2025-10-28 15:07:25,30.9609375,0,0,73,0,0,0
2025-10-28 15:07:31,30.96484375,0,0,73,0,0,0
2025-10-28 15:07:36,30.96484375,0,0,73,0,0,0
2025-10-28 15:07:41,30.96484375,0,0,73,0,0,0
2025-10-28 15:07:46,30.96484375,0,0,132,0,58,40
2025-10-28 15:07:52,30.96484375,0,0,132,0,58,40
2025-10-28 15:07:57,30.96484375,0,0,132,0,58,40
2025-10-28 15:08:03,30.96484375,0,0,132,0,58,40
2025-10-28 15:08:08,30.96484375,0,0,149,0,65,40
2025-10-28 15:08:13,30.96484375,0,0,149,0,65,40
2025-10-28 15:08:19,30.93359375,0,0,149,0,65,40
2025-10-28 15:08:24,30.93359375,0,0,149,0,65,40
2025-10-28 15:08:29,30.93359375,0,0,149,0,65,40
2025-10-28 15:08:34,30.93359375,0,0,149,0,65,40
2025-10-28 15:08:40,30.93359375,0,0,149,0,65,40
2025-10-28 15:08:45,30.93359375,0,0,149,0,65,40
2025-10-28 15:08:50,30.93359375,0,0,149,0,65,40
2025-10-28 15:08:56,30.93359375,0,0,160,0,71,50
2025-10-28 15:09:01,30.93359375,0,0,160,0,71,50
2025-10-28 15:09:06,30.93359375,0,0,176,0,79,50
2025-10-28 15:09:11,30.93359375,0,0,176,0,79,50
2025-10-28 15:09:17,30.9375,0,0,192,0,79,50
2025-10-28 15:09:22,30.9375,0,0,192,0,79,50
2025-10-28 15:09:27,30.9375,0,0,192,0,79,50
2025-10-28 15:09:33,30.9375,0,0,192,0,79,50
2025-10-28 15:09:38,30.9375,0,0,192,0,79,50
2025-10-28 15:09:43,30.9375,0,0,192,0,79,50
2025-10-28 15:09:48,30.9375,0,0,192,0,79,50
2025-10-28 15:09:54,30.9375,0,0,192,0,79,50
2025-10-28 15:09:59,30.9375,0,0,192,0,79,50
2025-10-28 15:10:04,30.9375,0,0,192,0,79,50
2025-10-28 15:10:10,30.9375,0,0,192,0,79,50
2025-10-28 15:10:15,30.9375,0,0,192,0,79,50
2025-10-28 15:10:20,30.9375,0,0,192,0,79,50
2025-10-28 15:10:25,30.9375,0,0,192,0,79,50
2025-10-28 15:10:31,30.9375,0,0,192,0,79,50
2025-10-28 15:10:36,30.9375,0,0,192,0,79,50
2025-10-28 15:10:41,30.9375,0,0,192,0,79,50
2025-10-28 15:10:47,30.9375,0,0,192,0,79,50
2025-10-28 15:10:52,30.9375,0,0,192,0,79,50
2025-10-28 15:10:57,30.9375,0,0,192,0,79,50
2025-10-28 15:11:02,30.9375,0,0,192,0,79,50
2025-10-28 15:11:08,30.9375,0,0,192,0,79,50
2025-10-28 15:11:13,30.9375,0,0,192,0,79,50
2025-10-28 15:11:18,30.9375,0,0,192,0,79,50
2025-10-28 15:11:24,30.9375,0,0,192,0,79,50
2025-10-28 15:11:29,30.9375,0,0,192,0,79,50
2025-10-28 15:11:34,30.98046875,0,0,192,0,79,50
2025-10-28 15:11:39,30.98046875,0,0,192,0,79,50
2025-10-28 15:11:45,30.98046875,0,0,192,0,79,50
2025-10-28 15:11:50,30.98046875,0,0,192,0,79,50
2025-10-28 15:11:55,30.98046875,0,0,220,0,79,50
2025-10-28 15:12:01,30.98046875,0,0,220,0,79,50
2025-10-28 15:12:06,30.98046875,0,0,220,0,79,50
2025-10-28 15:12:11,30.98046875,0,0,220,0,79,50
2025-10-28 15:12:17,30.98046875,0,0,220,0,79,50
2025-10-28 15:12:22,30.98046875,0,0,220,0,79,50
2025-10-28 15:12:27,30.98046875,0,0,220,0,79,50
2025-10-28 15:12:32,30.98046875,0,0,220,0,79,50
2025-10-28 15:12:38,30.98046875,0,0,220,0,79,50
2025-10-28 15:12:43,30.95703125,0,0,220,0,79,50
2025-10-28 15:12:48,30.95703125,0,0,220,0,79,50
2025-10-28 15:12:54,30.95703125,0,0,220,0,79,50
2025-10-28 15:12:59,30.95703125,0,0,248,0,79,50
2025-10-28 15:13:04,30.95703125,0,0,248,0,79,50
2025-10-28 15:13:09,31.0234375,0,0,248,0,79,50
2025-10-28 15:13:15,31.0234375,0,0,248,0,79,50
2025-10-28 15:13:20,31.0234375,0,0,248,0,79,50
2025-10-28 15:13:25,31.0234375,0,0,248,0,79,50
2025-10-28 15:13:30,31.0234375,0,0,248,0,79,50
2025-10-28 15:13:36,31.0234375,0,0,248,0,79,50
2025-10-28 15:13:41,31.0234375,0,0,248,0,79,50
2025-10-28 15:13:46,31.0234375,0,0,248,0,79,50
2025-10-28 15:13:52,31.0234375,0,0,248,0,79,50
2025-10-28 15:13:57,31.0234375,0,0,248,0,79,50
2025-10-28 15:14:02,31.0234375,0,0,248,0,79,50
2025-10-28 15:14:08,31.0234375,0,0,248,0,79,50
2025-10-28 15:14:13,31.0234375,0,0,248,0,79,50
2025-10-28 15:14:18,31.0234375,0,0,248,0,79,50
2025-10-28 15:14:24,31.0234375,0,0,248,0,79,50
2025-10-28 15:14:29,31.0234375,0,0,248,0,79,50
2025-10-28 15:14:34,31.0234375,0,0,248,0,79,50
2025-10-28 15:14:40,31.0234375,0,0,248,0,79,50
2025-10-28 15:14:45,31.0234375,0,0,248,0,79,50
2025-10-28 15:14:51,31.0234375,0,0,248,0,79,50
2025-10-28 15:14:56,31.0234375,0,0,248,0,79,50
2025-10-28 15:15:01,31.0234375,0,0,248,0,79,50
2025-10-28 15:15:07,31.0234375,0,0,248,0,79,50
2025-10-28 15:15:12,31.0234375,0,0,248,0,79,50
2025-10-28 15:15:18,31.0234375,0,0,248,0,79,50
2025-10-28 15:15:23,31.0234375,0,0,248,0,79,50
2025-10-28 15:15:28,31.0234375,0,0,248,0,79,50
2025-10-28 15:15:34,31.0234375,0,0,248,0,79,50
2025-10-28 15:15:39,31.0234375,0,0,248,0,79,50
2025-10-28 15:15:44,31.0234375,0,0,248,0,79,50
2025-10-28 15:15:50,31.0234375,0,0,248,0,79,50
2025-10-28 15:15:55,31.0234375,0,0,248,0,79,50
2025-10-28 15:16:00,31.0234375,0,0,248,0,79,50
2025-10-28 15:16:05,31.0234375,0,0,248,0,79,50
2025-10-28 15:16:11,31.0234375,0,0,248,0,79,50
2025-10-28 15:16:16,31.0234375,0,0,248,0,79,50
2025-10-28 15:16:21,31.0234375,0,0,248,0,79,50
2025-10-28 15:16:26,31.0234375,0,0,248,0,79,50
2025-10-28 15:16:32,31.0234375,0,0,248,0,79,50
2025-10-28 15:16:38,31.0234375,0,0,248,0,79,50
2025-10-28 15:16:43,31.0234375,0,0,248,0,79,50
2025-10-28 15:16:48,31.0234375,0,0,248,0,79,50
2025-10-28 15:16:53,31.0234375,0,0,248,0,79,50
2025-10-28 15:16:59,31.0234375,0,0,248,0,79,50
2025-10-28 15:17:05,31.0234375,0,0,249,0,79,50
2025-10-28 15:17:10,31.0234375,0,0,249,0,79,50
2025-10-28 15:17:15,31.0234375,0,0,249,0,79,50
2025-10-28 15:17:21,31.0234375,0,0,249,0,79,50
2025-10-28 15:17:26,31.0234375,0,0,249,0,79,50
2025-10-28 15:17:31,31.0234375,0,0,249,0,79,50
2025-10-28 15:17:37,31.0234375,0,0,249,0,79,50
2025-10-28 15:17:42,31.0234375,0,0,249,0,79,50
2025-10-28 15:17:47,31.0234375,0,0,249,0,79,50
2025-10-28 15:17:53,31.0234375,0,0,249,0,79,50
2025-10-28 15:17:58,31.0234375,0,0,249,0,79,50
2025-10-28 15:18:03,31.0234375,0,0,249,0,79,50
2025-10-28 15:18:09,31.0234375,0,0,249,0,79,50
2025-10-28 15:18:14,31.0234375,0,0,249,0,79,50
2025-10-28 15:18:19,31.0234375,0,0,249,0,79,50
2025-10-28 15:18:24,31.0234375,0,0,249,0,79,50
2025-10-28 15:18:30,31.0234375,0,0,249,0,79,50
2025-10-28 15:18:35,31.0234375,0,0,249,0,79,50
2025-10-28 15:18:40,31.0234375,0,0,249,0,79,50
2025-10-28 15:18:45,31.0234375,0,0,249,0,79,50
2025-10-28 15:18:51,31.0234375,0,0,249,0,79,50
2025-10-28 15:18:56,31.0234375,0,0,249,0,79,50
2025-10-28 15:19:01,31.0234375,0,0,249,0,79,50
2025-10-28 15:19:07,31.0234375,0,0,249,0,79,50
2025-10-28 15:19:12,31.0234375,0,0,249,0,79,50
2025-10-28 15:19:17,31.0234375,0,0,249,0,79,50
2025-10-28 15:19:23,31.0234375,0,0,249,0,79,50
2025-10-28 15:19:28,31.0234375,0,0,249,0,79,50
2025-10-28 15:19:33,31.0234375,0,0,249,0,79,50
2025-10-28 15:19:39,31.0234375,0,0,249,0,79,50
2025-10-28 15:19:44,31.0234375,0,0,249,0,79,50
2025-10-28 15:19:49,31.0234375,0,0,249,0,79,50
2025-10-28 15:19:54,31.0234375,0,0,249,0,79,50
2025-10-28 15:20:00,31.0234375,0,0,249,0,79,50
2025-10-28 15:20:05,31.0234375,0,0,249,0,79,50
2025-10-28 15:20:10,31.0234375,0,0,249,0,79,50
2025-10-28 15:20:16,31.0234375,0,0,249,0,79,50
2025-10-28 15:20:21,31.0234375,0,0,249,0,79,50
2025-10-28 15:20:26,31.0234375,0,0,249,0,79,50
2025-10-28 15:20:31,31.0234375,0,0,249,0,79,50
2025-10-28 15:20:37,31.0234375,0,0,249,0,79,50
2025-10-28 15:20:42,31.0234375,0,0,249,0,79,50
2025-10-28 15:20:48,31.0234375,0,0,249,0,79,50
2025-10-28 15:20:53,31.0234375,0,0,249,0,79,50
2025-10-28 15:20:58,31.0234375,0,0,249,0,79,50
2025-10-28 15:21:04,31.0234375,0,0,249,0,79,50
2025-10-28 15:21:09,31.0234375,0,0,249,0,79,50
2025-10-28 15:21:14,31.0234375,0,0,249,0,79,50
2025-10-28 15:21:19,31.0234375,0,0,249,0,79,50
2025-10-28 15:21:25,31.0234375,0,0,249,0,79,50
2025-10-28 15:21:30,31.0234375,0,0,249,0,79,50
2025-10-28 15:21:35,31.0234375,0,0,249,0,79,50
2025-10-28 15:21:41,31.0234375,0,0,249,0,79,50
2025-10-28 15:21:46,31.0234375,0,0,249,0,79,50
2025-10-28 15:21:51,31.0234375,0,0,249,0,79,50
2025-10-28 15:21:57,31.0234375,0,0,249,0,79,50
2025-10-28 15:22:02,31.0234375,0,0,249,0,79,50
2025-10-28 15:22:07,31.0234375,0,0,249,0,79,50
2025-10-28 15:22:13,31.0234375,0,0,249,0,79,50
2025-10-28 15:22:18,31.0234375,0,0,249,0,79,50
2025-10-28 15:22:23,31.0234375,0,0,249,0,79,50
2025-10-28 15:22:29,31.0234375,0,0,249,0,79,50
2025-10-28 15:22:34,31.0234375,0,0,249,0,79,50
2025-10-28 15:22:39,31.0234375,0,0,249,0,79,50
2025-10-28 15:22:44,31.0234375,0,0,249,0,79,50
2025-10-28 15:22:50,31.0234375,0,0,249,0,79,50
2025-10-28 15:22:55,31.0234375,0,0,249,0,79,50
2025-10-28 15:23:00,31.0234375,0,0,249,0,79,50
2025-10-28 15:23:06,31.0234375,0,0,249,0,79,50
2025-10-28 15:23:11,31.0234375,0,0,249,0,79,50
2025-10-28 15:23:16,31.0234375,0,0,249,0,79,50
2025-10-28 15:23:22,31.0234375,0,0,249,0,79,50
2025-10-28 15:23:27,31.0234375,0,0,249,0,79,50
2025-10-28 15:23:32,31.0234375,0,0,249,0,79,50
2025-10-28 15:23:37,31.0234375,0,0,249,0,79,50
2025-10-28 15:23:43,31.0234375,0,0,249,0,79,50
2025-10-28 15:24:02,31.0234375,0,0,249,0,79,50
2025-10-28 15:24:07,31.02734375,0,0,249,0,79,50
2025-10-28 15:24:13,31.02734375,0,0,249,0,79,50
2025-10-28 15:24:18,31.02734375,0,0,249,0,79,50
2025-10-28 15:24:23,31.02734375,0,0,249,0,79,50
2025-10-28 15:24:29,31.02734375,0,0,249,0,79,50
2025-10-28 15:24:34,31.03125,0,0,249,0,79,50
2025-10-28 15:24:40,31.03125,0,0,249,0,79,50
2025-10-28 15:24:45,31.03125,0,0,249,0,79,50
2025-10-28 15:24:51,31.03125,0,0,249,0,79,50
2025-10-28 15:24:56,31.03125,0,0,249,0,79,50
2025-10-28 15:25:01,31.03125,0,0,249,0,79,50
2025-10-28 15:25:07,31.03125,0,0,249,0,79,50
2025-10-28 15:25:12,31.03125,0,0,249,0,79,50
2025-10-28 15:25:17,31.03125,0,0,249,0,79,50
2025-10-28 15:25:22,31.03125,0,0,249,0,79,50
2025-10-28 15:25:28,31.03125,0,0,249,0,79,50
2025-10-28 15:25:33,31.03125,0,0,249,0,79,50
2025-10-28 15:25:38,31.03125,0,0,249,0,79,50
2025-10-28 15:25:43,31.03125,0,0,249,0,79,50
2025-10-28 15:25:49,31.03125,0,0,249,0,79,50
2025-10-28 15:25:54,31.03125,0,0,249,0,79,50
2025-10-28 15:26:00,31.03125,0,0,249,0,79,50
2025-10-28 15:26:05,31.03125,0,0,249,0,79,50
2025-10-28 15:26:10,31.03125,0,0,249,0,79,50
2025-10-28 15:26:15,31.03125,0,0,249,0,79,50
2025-10-28 15:26:21,31.03125,0,0,249,0,79,50
2025-10-28 15:26:26,31.03125,0,0,249,0,79,50
2025-10-28 15:26:31,31.03125,0,0,249,0,79,50
2025-10-28 15:26:37,31.03125,0,0,249,0,79,50
2025-10-28 15:26:42,31.03125,0,0,249,0,79,50
2025-10-28 15:26:47,31.03125,0,0,249,0,79,50
2025-10-28 15:26:53,31.03125,0,0,249,0,79,50
2025-10-28 15:26:58,31.03125,0,0,249,0,79,50
2025-10-28 15:27:03,31.03125,0,0,249,0,79,50
2025-10-28 15:27:09,31.03125,0,0,249,0,79,50
2025-10-28 15:27:14,31.03125,0,0,249,0,79,50
2025-10-28 15:27:19,31.03125,0,0,249,0,79,50
2025-10-28 15:27:25,31.03125,0,0,249,0,79,50
2025-10-28 15:27:30,31.03125,0,0,249,0,79,50
2025-10-28 15:27:35,31.03125,0,0,249,0,79,50
2025-10-28 15:27:41,31.03125,0,0,249,0,79,50
2025-10-28 15:27:46,31.03125,0,0,249,0,79,50
2025-10-28 15:27:51,31.03125,0,0,249,0,79,50
2025-10-28 15:27:57,31.03125,0,0,249,0,79,50
2025-10-28 15:28:02,31.03125,0,0,249,0,79,50
2025-10-28 15:28:07,31.03125,0,0,249,0,79,50
2025-10-28 15:28:13,31.03125,0,0,249,0,79,50
2025-10-28 15:28:18,31.03125,0,0,249,0,79,50
2025-10-28 15:28:23,31.03125,0,0,249,0,79,50
2025-10-28 15:28:29,31.03125,0,0,249,0,79,50
2025-10-28 15:28:34,31.03125,0,0,249,0,79,50
2025-10-28 15:28:39,31.03125,0,0,249,0,79,50
2025-10-28 15:28:45,31.03125,0,0,249,0,79,50
2025-10-28 15:28:50,31.03125,0,0,249,0,79,50
2025-10-28 15:28:55,31.03125,0,0,249,0,79,50
2025-10-28 15:29:00,31.03125,0,0,249,0,79,50
2025-10-28 15:29:06,31.03125,0,0,249,0,79,50
2025-10-28 15:29:11,31.03125,0,0,249,0,79,50
2025-10-28 15:29:16,31.03125,0,0,249,0,79,50
2025-10-28 15:29:36,31.046875,0,0,249,0,79,50
2025-10-28 15:29:41,31.05078125,0,0,249,0,79,50
2025-10-28 15:29:46,31.05078125,0,0,43,0,79,50
2025-10-28 15:29:52,31.05078125,0,0,43,0,79,50
2025-10-28 15:29:57,31.05078125,0,0,43,0,79,50
2025-10-28 15:30:02,31.05078125,0,0,43,0,79,50
2025-10-28 15:30:08,31.05078125,0,0,43,0,79,50
2025-10-28 15:30:13,31.05078125,0,0,43,0,79,50
2025-10-28 15:30:18,31.05078125,0,0,43,0,79,50
2025-10-28 15:30:24,31.05078125,0,0,43,0,79,50
2025-10-28 15:30:29,31.05078125,0,0,43,0,79,50
2025-10-28 15:30:35,31.05078125,0,0,43,0,79,50
2025-10-28 15:30:40,31.05078125,0,0,43,0,79,50
2025-10-28 15:30:46,31.05078125,0,0,43,0,79,50
2025-10-28 15:30:51,31.05078125,0,0,43,0,79,50
2025-10-28 15:30:56,31.05078125,0,0,43,0,79,50
2025-10-28 15:31:01,31.05078125,0,0,43,0,79,50
2025-10-28 15:31:07,31.05078125,0,0,43,0,79,50
2025-10-28 15:31:12,31.05078125,0,0,43,0,79,50
2025-10-28 15:31:17,31.05078125,0,0,43,0,79,50
2025-10-28 15:31:22,31.05078125,0,0,43,0,79,50
2025-10-28 15:31:28,31.05078125,0,0,43,0,79,50
2025-10-28 15:31:33,31.05078125,0,0,43,0,79,50
2025-10-28 15:31:39,31.05078125,0,0,43,0,79,50
2025-10-28 15:31:44,31.05078125,0,0,43,0,79,50
2025-10-28 15:31:49,31.05078125,0,0,43,0,79,50
2025-10-28 15:31:54,31.05078125,0,0,43,0,79,50
2025-10-28 15:32:00,31.05078125,0,0,43,0,79,50
2025-10-28 15:32:05,31.05078125,0,0,43,0,79,50
2025-10-28 15:32:10,31.05078125,0,0,43,0,79,50
2025-10-28 15:32:16,31.05078125,0,0,43,0,79,50
2025-10-28 15:32:21,31.05078125,0,0,43,0,79,50
2025-10-28 15:32:26,31.05078125,0,0,43,0,79,50
2025-10-28 15:32:32,31.05078125,0,0,43,0,79,50
2025-10-28 15:32:37,31.05078125,0,0,43,0,79,50
2025-10-28 15:37:23,19.0625,0,0,43,0,79,50
2025-10-28 15:37:28,19.0625,0,0,43,0,79,50
2025-10-28 15:37:33,19.0625,0,0,43,0,79,50
2025-10-28 15:37:39,19.0625,0,0,43,0,79,50
2025-10-28 15:37:44,19.0625,0,0,43,0,79,50
2025-10-28 15:37:49,19.06640625,0,0,43,0,79,50
2025-10-28 15:37:55,19.06640625,0,0,43,0,79,50
2025-10-28 15:38:00,19.06640625,0,0,43,0,79,50
2025-10-28 15:38:05,19.06640625,0,0,43,0,79,50
2025-10-28 15:38:11,19.06640625,0,0,43,0,79,50
2025-10-28 15:38:16,19.06640625,0,0,43,0,79,50
2025-10-28 15:38:21,19.06640625,0,0,43,0,79,50
2025-10-28 15:38:27,19.06640625,0,0,43,0,79,50
2025-10-28 15:38:32,19.06640625,0,0,43,0,79,50
2025-10-28 15:38:37,19.06640625,0,0,43,0,79,50
2025-10-28 15:38:43,19.06640625,0,0,43,0,79,50
2025-10-28 15:38:48,19.06640625,0,0,43,0,79,50
2025-10-28 15:38:53,19.06640625,0,0,43,0,79,50
2025-10-28 15:38:58,19.06640625,0,0,43,0,79,50
2025-10-28 15:39:04,19.06640625,0,0,43,0,79,50
2025-10-28 15:39:09,19.06640625,0,0,43,0,79,50
2025-10-28 15:39:14,19.08984375,0,0,43,0,79,50
2025-10-28 15:39:19,19.08984375,0,0,43,0,79,50
2025-10-28 15:39:25,19.08984375,0,0,43,0,79,50
2025-10-28 15:39:30,18.40234375,0,0,43,0,79,50
2025-10-28 15:39:35,18.40234375,0,0,43,0,79,50
2025-10-28 15:39:40,18.40234375,0,0,43,0,79,50
2025-10-28 15:39:46,18.40234375,0,0,43,0,79,50
2025-10-28 15:39:58,18.40234375,0,0,43,0,79,50
2025-10-28 15:40:03,18.40234375,0,0,43,0,79,50
2025-10-28 15:40:09,18.40234375,0,0,43,0,79,50
2025-10-28 15:40:14,18.40234375,0,0,43,0,79,50
2025-10-28 15:40:19,18.40234375,0,0,43,0,79,50
2025-10-28 15:40:25,18.40234375,0,0,43,0,79,50
2025-10-28 15:40:30,18.40234375,0,0,43,0,79,50
2025-10-28 15:40:35,18.40234375,0,0,43,0,79,50
2025-10-28 15:40:40,18.40234375,0,0,43,0,79,50
2025-10-28 15:40:46,18.40234375,0,0,43,0,79,50
2025-10-28 15:40:51,18.40234375,0,0,43,0,79,50
2025-10-28 15:40:56,18.40234375,0,0,43,0,79,50
2025-10-28 15:41:02,18.40234375,0,0,43,0,79,50
2025-10-28 15:41:07,18.40234375,0,0,43,0,79,50
2025-10-28 15:41:12,18.40234375,0,0,43,0,79,50
2025-10-28 15:41:17,18.40234375,0,0,43,0,79,50
2025-10-28 15:41:23,18.40625,0,0,43,0,79,50
2025-10-28 15:41:28,18.40625,0,0,43,0,79,50
2025-10-28 15:41:34,18.40625,0,0,43,0,79,50
2025-10-28 15:41:39,18.4140625,0,0,43,0,79,50
2025-10-28 15:41:44,18.4140625,0,0,43,0,79,50
2025-10-28 15:41:49,18.4140625,0,0,43,0,79,50
2025-10-28 15:41:55,18.4140625,0,0,43,0,79,50
2025-10-28 15:42:00,18.4140625,0,0,43,0,79,50
2025-10-28 15:42:05,18.4140625,0,0,43,0,79,50
2025-10-28 15:42:10,18.41796875,0,0,43,0,79,50
2025-10-28 15:42:16,18.41796875,0,0,43,0,79,50
2025-10-28 15:42:21,18.421875,0,0,43,0,79,50
2025-10-28 15:42:26,18.421875,0,0,43,0,79,50
2025-10-28 15:42:31,18.421875,0,0,43,0,79,50
2025-10-28 15:42:37,18.421875,0,0,43,0,79,50
2025-10-28 15:42:42,18.421875,0,0,43,0,79,50
2025-10-28 15:42:47,18.421875,0,0,43,0,79,50
2025-10-28 15:42:52,18.421875,0,0,43,0,79,50
2025-10-28 15:42:58,18.421875,0,0,43,0,79,50
2025-10-28 15:43:03,18.421875,0,0,43,0,79,50
2025-10-28 15:43:08,18.421875,0,0,43,0,79,50
2025-10-28 15:43:13,18.421875,0,0,43,0,79,50
2025-10-28 15:43:19,18.421875,0,0,43,0,79,50
2025-10-28 15:43:24,18.421875,0,0,43,0,79,50
2025-10-28 15:43:29,18.421875,0,0,43,0,79,50
2025-10-28 15:43:35,18.45703125,0,0,43,0,79,50
2025-10-28 15:43:40,18.45703125,0,0,43,0,79,50
2025-10-28 15:43:45,18.45703125,0,0,43,0,79,50
2025-10-28 15:43:50,18.45703125,0,0,43,0,79,50
2025-10-28 15:43:56,18.45703125,0,0,43,0,79,50
2025-10-28 15:44:01,18.45703125,0,0,43,0,79,50
2025-10-28 15:44:06,18.45703125,0,0,43,0,79,50
2025-10-28 15:44:11,18.45703125,0,0,43,0,79,50
2025-10-28 15:44:17,18.45703125,0,0,43,0,79,50
2025-10-28 15:44:22,18.45703125,0,0,43,0,79,50
2025-10-28 15:44:28,18.2421875,0,0,43,0,79,50
2025-10-28 15:44:33,18.2421875,0,0,43,0,79,50
2025-10-28 15:44:38,18.2421875,0,0,43,0,79,50
2025-10-28 15:44:43,18.24609375,0,0,43,0,79,50
2025-10-28 15:44:49,18.25,0,0,43,0,79,50
2025-10-28 15:44:54,18.25,0,0,43,0,79,50
2025-10-28 15:44:59,18.25,0,0,43,0,79,50
2025-10-28 15:45:04,18.25,0,0,43,0,79,50
2025-10-28 15:45:10,18.25,0,0,43,0,79,50
2025-10-28 15:45:15,18.25,0,0,43,0,79,50
2025-10-28 15:45:20,18.25,0,0,43,0,79,50
2025-10-28 15:45:26,18.25,0,0,43,0,79,50
2025-10-28 15:45:31,18.25390625,0,0,43,0,79,50
2025-10-28 15:45:36,18.2578125,0,0,43,0,79,50
2025-10-28 15:45:41,18.265625,0,0,43,0,79,50
2025-10-28 15:45:46,18.265625,0,0,43,0,79,50
2025-10-28 15:45:52,18.26953125,0,0,43,0,79,50
2025-10-28 15:45:57,18.26953125,0,0,43,0,79,50
2025-10-28 15:46:02,18.26953125,0,0,43,0,79,50
2025-10-28 15:46:08,18.26953125,0,0,43,0,79,50
2025-10-28 15:46:13,18.26953125,0,0,43,0,79,50
2025-10-28 15:46:18,18.2734375,0,0,43,0,79,50
2025-10-28 15:46:23,18.2734375,0,0,43,0,79,50
2025-10-28 15:46:29,18.2734375,0,0,43,0,79,50
2025-10-28 15:46:34,18.2734375,0,0,43,0,79,50
2025-10-28 15:46:39,18.2734375,0,0,43,0,79,50
2025-10-28 15:46:44,18.27734375,0,0,43,0,79,50
2025-10-28 15:46:50,18.27734375,0,0,43,0,79,50
2025-10-28 15:46:55,18.28125,0,0,43,0,79,50
2025-10-28 15:47:00,18.28125,0,0,43,0,79,50
2025-10-28 15:47:05,18.28515625,0,0,43,0,79,50
2025-10-28 15:47:11,18.28515625,0,0,43,0,79,50
2025-10-28 15:47:16,18.2890625,0,0,43,0,79,50
2025-10-28 15:47:21,18.2890625,0,0,43,0,79,50
2025-10-28 15:47:26,18.29296875,0,0,43,0,79,50
2025-10-28 15:47:32,18.29296875,0,0,43,0,79,50
2025-10-28 15:47:37,18.29296875,0,0,43,0,79,50
2025-10-28 15:47:42,18.29296875,0,0,43,0,79,50
2025-10-28 15:47:47,18.296875,0,0,43,0,79,50
2025-10-28 15:47:53,18.296875,0,0,43,0,79,50
2025-10-28 15:47:58,18.296875,0,0,43,0,79,50
2025-10-28 15:48:03,18.296875,0,0,43,0,79,50
2025-10-28 15:48:08,18.296875,0,0,43,0,79,50
2025-10-28 15:48:14,18.30078125,0,0,43,0,79,50
2025-10-28 15:48:19,18.30078125,0,0,43,0,79,50
2025-10-28 15:48:24,18.30078125,0,0,43,0,79,50
2025-10-28 15:48:29,18.33203125,0,0,43,0,79,50
2025-10-28 15:48:35,18.33203125,0,0,43,0,79,50
2025-10-28 15:48:40,18.33203125,0,0,43,0,79,50
2025-10-28 15:48:45,18.33203125,0,0,43,0,79,50
2025-10-28 15:48:50,18.3359375,0,0,43,0,79,50
2025-10-28 15:48:56,18.3359375,0,0,43,0,79,50
2025-10-28 15:49:01,18.3359375,0,0,43,0,79,50
2025-10-28 15:49:06,18.3359375,0,0,43,0,79,50
2025-10-28 15:49:12,18.3359375,0,0,43,0,79,50
2025-10-28 15:49:17,18.33984375,0,0,43,0,79,50
2025-10-28 15:49:22,18.33984375,0,0,43,0,79,50
2025-10-28 15:49:27,18.33984375,0,0,43,0,79,50
2025-10-28 15:49:33,18.15625,0,0,43,0,79,50
2025-10-28 15:49:38,18.16015625,0,0,43,0,79,50
2025-10-28 15:49:43,18.16015625,0,0,43,0,79,50
2025-10-28 15:49:48,18.16015625,0,0,43,0,79,50
2025-10-28 15:49:54,18.1640625,0,0,43,0,79,50
2025-10-28 15:49:59,18.1640625,0,0,43,0,79,50
2025-10-28 15:50:04,18.16796875,0,0,43,0,79,50
2025-10-28 15:50:09,18.16796875,0,0,43,0,79,50
2025-10-28 15:50:15,18.16796875,0,0,43,0,79,50
2025-10-28 15:50:20,18.16796875,0,0,43,0,79,50
2025-10-28 15:50:25,18.16796875,0,0,43,0,79,50
2025-10-28 15:50:30,18.16796875,0,0,43,0,79,50
2025-10-28 15:50:36,18.171875,0,0,43,0,79,50
2025-10-28 15:50:41,18.171875,0,0,43,0,79,50
2025-10-28 15:50:46,18.17578125,0,0,43,0,79,50
2025-10-28 15:50:52,18.17578125,0,0,43,0,79,50
2025-10-28 15:50:57,18.17578125,0,0,43,0,79,50
2025-10-28 15:51:02,18.17578125,0,0,43,0,79,50
2025-10-28 15:51:08,18.1796875,0,0,43,0,79,50
2025-10-28 15:51:13,18.1796875,0,0,43,0,79,50
2025-10-28 15:51:18,18.1796875,0,0,43,0,79,50
2025-10-28 15:51:23,18.1796875,0,0,43,0,79,50
2025-10-28 15:51:29,18.1796875,0,0,43,0,79,50
2025-10-28 15:51:34,18.18359375,0,0,43,0,79,50
2025-10-28 15:51:39,18.18359375,0,0,43,0,79,50
2025-10-28 15:51:45,18.1875,0,0,43,0,79,50
2025-10-28 15:51:50,18.19140625,0,0,43,0,79,50
2025-10-28 15:51:56,18.1953125,0,0,43,0,79,50
2025-10-28 15:52:01,18.1953125,0,0,43,0,79,50
2025-10-28 15:52:06,18.1953125,0,0,43,0,79,50
2025-10-28 15:52:12,18.1953125,0,0,43,0,79,50
2025-10-28 15:52:17,18.1953125,0,0,43,0,79,50
2025-10-28 15:52:22,18.1953125,0,0,43,0,79,50
2025-10-28 15:52:27,18.1953125,0,0,43,0,79,50
2025-10-28 15:52:33,18.1953125,0,0,43,0,79,50
2025-10-28 15:52:38,18.1953125,0,0,43,0,79,50
2025-10-28 15:52:44,18.1953125,0,0,43,0,79,50
2025-10-28 15:52:49,18.1953125,0,0,43,0,79,50
2025-10-28 15:52:54,18.1953125,0,0,43,0,79,50
2025-10-28 15:52:59,18.1953125,0,0,43,0,79,50
2025-10-28 15:53:05,18.1953125,0,0,43,0,79,50
2025-10-28 15:53:10,18.19921875,0,0,43,0,79,50
2025-10-28 15:53:15,18.19921875,0,0,43,0,79,50
2025-10-28 15:53:20,18.19921875,0,0,43,0,79,50
2025-10-28 15:53:26,18.19921875,0,0,43,0,79,50
2025-10-28 15:53:31,18.19921875,0,0,43,0,79,50
2025-10-28 15:53:36,18.19921875,0,0,43,0,79,50
2025-10-28 15:53:41,18.19921875,0,0,43,0,79,50
2025-10-28 15:53:47,18.19921875,0,0,43,0,79,50
2025-10-28 15:53:52,18.19921875,0,0,43,0,79,50
2025-10-28 15:53:57,18.203125,0,0,43,0,79,50
2025-10-28 15:54:02,18.22265625,0,0,43,0,79,50
2025-10-28 15:54:08,18.23046875,0,0,43,0,79,50
2025-10-28 15:54:13,18.234375,0,0,43,0,79,50
2025-10-28 15:54:18,18.234375,0,0,43,0,79,50
2025-10-28 15:54:23,18.234375,0,0,43,0,79,50
2025-10-28 15:54:28,18.234375,0,0,43,0,79,50
2025-10-28 15:54:34,18.1484375,0,0,43,0,79,50
2025-10-28 15:54:39,18.1484375,0,0,43,0,79,50
2025-10-28 15:54:44,18.1484375,0,0,43,0,79,50
2025-10-28 15:54:49,18.1484375,0,0,43,0,79,50
2025-10-28 15:54:55,18.1484375,0,0,43,0,79,50
2025-10-28 15:55:00,18.1484375,0,0,43,0,79,50
2025-10-28 15:55:05,18.1484375,0,0,43,0,79,50
2025-10-28 15:55:10,18.1484375,0,0,43,0,79,50
2025-10-28 15:55:16,18.1484375,0,0,43,0,79,50
2025-10-28 15:55:21,18.15625,0,0,43,0,79,50
2025-10-28 15:55:26,18.15625,0,0,43,0,79,50
2025-10-28 15:55:32,18.15625,0,0,43,0,79,50
2025-10-28 15:55:37,18.1640625,0,0,43,0,79,50
2025-10-28 15:55:42,18.16796875,0,0,43,0,79,50
2025-10-28 15:55:47,18.171875,0,0,43,0,79,50
2025-10-28 15:55:53,18.171875,0,0,43,0,79,50
2025-10-28 15:55:58,18.17578125,0,0,43,0,79,50
2025-10-28 15:56:03,18.17578125,0,0,43,0,79,50
2025-10-28 15:56:08,18.17578125,0,0,43,0,79,50
2025-10-28 15:56:14,18.17578125,0,0,43,0,79,50
2025-10-28 15:56:19,18.1796875,0,0,43,0,79,50
2025-10-28 15:56:24,18.1796875,0,0,43,0,79,50
2025-10-28 15:56:29,18.1796875,0,0,43,0,79,50
2025-10-28 15:56:35,18.1796875,0,0,43,0,79,50
2025-10-28 15:56:40,18.1796875,0,0,43,0,79,50
2025-10-28 15:56:45,18.1796875,0,0,43,0,79,50
2025-10-28 15:56:51,18.1796875,0,0,43,0,79,50
2025-10-28 15:56:56,18.1796875,0,0,43,0,79,50
2025-10-28 15:57:09,18.1796875,0,0,43,0,79,50
2025-10-28 15:57:14,18.19140625,0,0,43,0,79,50
2025-10-28 15:57:19,18.1953125,0,0,43,0,79,50
2025-10-28 15:57:24,18.1953125,0,0,43,0,79,50
2025-10-28 15:57:30,18.1953125,0,0,43,0,79,50
2025-10-28 15:57:35,18.1953125,0,0,43,0,79,50
2025-10-28 15:57:40,18.1953125,0,0,43,0,79,50
2025-10-28 15:57:46,18.1953125,0,0,43,0,79,50
2025-10-28 15:57:51,18.19921875,0,0,43,0,79,50
2025-10-28 15:57:56,18.19921875,0,0,43,0,79,50
2025-10-28 15:58:01,18.19921875,0,0,43,0,79,50
2025-10-28 15:58:07,18.203125,0,0,43,0,79,50
2025-10-28 15:58:12,18.203125,0,0,43,0,79,50
2025-10-28 15:58:17,18.2109375,0,0,43,0,79,50
2025-10-28 15:58:23,18.2109375,0,0,43,0,79,50
2025-10-28 15:58:28,18.22265625,0,0,43,0,79,50
2025-10-28 15:58:33,18.2265625,0,0,43,0,79,50
2025-10-28 15:58:38,18.2265625,0,0,43,0,79,50
2025-10-28 15:58:44,18.2265625,0,0,43,0,79,50
2025-10-28 15:58:49,18.2265625,0,0,43,0,79,50
2025-10-28 15:58:54,18.2265625,0,0,43,0,79,50
2025-10-28 15:58:59,18.23046875,0,0,43,0,79,50
2025-10-28 15:59:05,18.23046875,0,0,43,0,79,50
2025-10-28 15:59:10,18.23046875,0,0,43,0,79,50
2025-10-28 15:59:15,18.23046875,0,0,43,0,79,50
2025-10-28 15:59:21,18.23046875,0,0,43,0,79,50
2025-10-28 15:59:26,18.23046875,0,0,43,0,79,50
2025-10-28 15:59:31,18.109375,0,0,43,0,79,50
2025-10-28 15:59:36,18.109375,0,0,43,0,79,50
2025-10-28 15:59:42,18.109375,0,0,43,0,79,50
2025-10-28 15:59:47,18.109375,0,0,43,0,79,50
2025-10-28 15:59:52,18.109375,0,0,49,0,79,50
2025-10-28 15:59:57,18.11328125,0,0,49,0,79,50
2025-10-28 16:00:03,18.11328125,0,0,49,0,79,50
2025-10-28 16:00:08,18.11328125,0,0,49,0,79,50
2025-10-28 16:00:13,18.1171875,0,0,49,0,79,50
2025-10-28 16:00:18,18.1171875,0,0,49,0,79,50
2025-10-28 16:00:24,18.1171875,0,0,49,0,79,50
2025-10-28 16:00:29,18.1171875,0,0,49,0,79,50
2025-10-28 16:00:34,18.15625,0,0,49,0,79,50
2025-10-28 16:00:40,18.16015625,0,0,49,0,79,50
2025-10-28 16:00:45,18.16015625,0,0,49,0,79,50
2025-10-28 16:00:50,18.16015625,0,0,49,0,79,50
2025-10-28 16:00:55,18.16015625,0,0,49,0,79,50
2025-10-28 16:01:01,18.1640625,0,0,49,0,79,50
2025-10-28 16:01:06,18.1640625,0,0,49,0,79,50
2025-10-28 16:01:11,18.1640625,0,0,49,0,79,50
2025-10-28 16:01:17,18.1640625,0,0,49,0,79,50
2025-10-28 16:01:22,18.1640625,0,0,49,0,79,50
2025-10-28 16:01:27,18.1640625,0,0,49,0,79,50
2025-10-28 16:01:32,18.1640625,0,0,49,0,79,50
2025-10-28 16:01:38,18.1640625,0,0,49,0,79,50
2025-10-28 16:01:43,18.16796875,0,0,49,0,79,50
2025-10-28 16:01:48,18.16796875,0,0,49,0,79,50
2025-10-28 16:01:53,18.171875,0,0,49,0,79,50
2025-10-28 16:01:58,18.171875,0,0,49,0,79,50
2025-10-28 16:02:04,18.171875,0,0,49,0,79,50
2025-10-28 16:02:09,18.171875,0,0,49,0,79,50
2025-10-28 16:02:14,18.171875,0,0,49,0,79,50
2025-10-28 16:02:19,18.171875,0,0,49,0,79,50
2025-10-28 16:02:25,18.171875,0,0,49,0,79,50
2025-10-28 16:02:30,18.171875,0,0,49,0,79,50
2025-10-28 16:02:35,18.171875,0,0,49,0,79,50
2025-10-28 16:02:40,18.171875,0,0,49,0,79,50
2025-10-28 16:02:46,18.171875,0,0,49,0,79,50
2025-10-28 16:02:51,18.171875,0,0,49,0,79,50
2025-10-28 16:02:56,18.171875,0,0,49,0,79,50
2025-10-28 16:03:01,18.171875,0,0,49,0,79,50
2025-10-28 16:03:07,18.17578125,0,0,49,0,79,50
2025-10-28 16:03:12,18.17578125,0,0,49,0,79,50
2025-10-28 16:03:17,18.1796875,0,0,49,0,79,50
2025-10-28 16:03:22,18.1796875,0,0,49,0,79,50
2025-10-28 16:03:27,18.1796875,0,0,49,0,79,50
2025-10-28 16:03:33,18.1796875,0,0,49,0,79,50
2025-10-28 16:03:38,18.1796875,0,0,49,0,79,50
2025-10-28 16:03:43,18.1796875,0,0,49,0,79,50
2025-10-28 16:03:48,18.1796875,0,0,49,0,79,50
2025-10-28 16:03:54,18.1796875,0,0,49,0,79,50
2025-10-28 16:03:59,18.1796875,0,0,49,0,79,50
2025-10-28 16:04:04,18.1796875,0,0,49,0,79,50
2025-10-28 16:04:09,18.1796875,0,0,49,0,79,50
2025-10-28 16:04:15,18.1796875,0,0,49,0,79,50
2025-10-28 16:04:20,18.1796875,0,0,49,0,79,50
2025-10-28 16:04:25,18.1796875,0,0,49,0,79,50
2025-10-28 16:04:30,18.18359375,0,0,49,0,79,50
2025-10-28 16:04:35,18.11328125,0,0,49,0,79,50
2025-10-28 16:04:41,18.11328125,0,0,49,0,79,50
2025-10-28 16:04:46,18.12109375,0,0,49,0,79,50
2025-10-28 16:04:51,18.12109375,0,0,49,0,79,50
2025-10-28 16:04:56,18.12109375,0,0,49,0,79,50
2025-10-28 16:05:02,18.12109375,0,0,49,0,79,50
2025-10-28 16:05:07,18.12109375,0,0,49,0,79,50
2025-10-28 16:05:12,18.12109375,0,0,49,0,79,50
2025-10-28 16:05:17,18.12109375,0,0,49,0,79,50
2025-10-28 16:05:23,18.125,0,0,49,0,79,50
2025-10-28 16:05:28,18.125,0,0,49,0,79,50
